{
  "cross_dataset": {
    "correlation_r": 0.9764819884757238,
    "correlation_p": 0.02351801152427635
  },
  "chunk_size_correlation": {
    "correlation_r": 0.9233629573572194,
    "correlation_p": 0.25085796223545287
  }
}